feature,importance
Resp_roll3,0.09979830404340319
HR_roll3,0.0891965744142008
Temp_roll3,0.08568421757562544
MAP_roll3,0.08199866106810333
Temp,0.07942111297988792
SBP,0.07538095271941318
HR,0.07067202012699045
DBP,0.06550541218460083
Resp,0.06195080144811858
MAP,0.061638199117994646
MAP_delta1,0.048647083667789505
FiO2,0.04667177251523423
HR_delta1,0.045769106680008116
SaO2,0.04450527850705392
O2Sat,0.043160502951576
