scenario,n_features,holdout_auroc,holdout_auprc,spearman_vs_full_model,mean_abs_prob_delta_vs_full,median_abs_prob_delta_vs_full,top_decile_overlap_vs_full,delta_auroc_vs_full
full_all_features,50,0.6170530243234689,0.12351044981410535,1.0,0.0,0.0,1.0,0.0
vitals_only,15,0.5556791540994774,0.11488333356848598,0.34149809878786624,0.10005090453384613,0.08408030538720102,0.3248053392658509,-0.061373870223991434
vitals_plus_ICULOS,16,0.6317708790105381,0.14022709823442475,0.6969211432547716,0.07594493073788156,0.06400607343548392,0.44493882091212456,0.01471785468706921
non_lab_features,21,0.6236987557370568,0.13183238454255375,0.7899159772468397,0.0638474673593003,0.05329805853907373,0.48164627363737483,0.00664573141358793
