{
  "holdout_auroc_rf": 0.9542146500932563,
  "holdout_auprc_rf": 0.6859521702592685
}